Key,Summary,Assignee,Product Manager,Target Version
ROX-33547,Improving Central Start up times,Unassigned,Boaz Michaely,5.0.0
ROX-33538,Add execution timestamps to Compliance v2 reporting for every check,Alexander Rukletsov,,5.0.0
ROX-33321,Support for SHA-512 and PQC Signatures in ACS Admission Controller,Alexander Rukletsov,Sabina Aledort,5.0.0
ROX-33135,Unified Operator Deployment & Legacy Migration,Marcin Owsiany,Sabina Aledort,5.0.0
ROX-32977,(Discovery) RHACS OpenShift Console Plugin Enhancements,Mansur Syed,Mansur Syed,5.0.0
ROX-32742,RHACS: Base Image Update Detection & Notifications,Mansur Syed,,5.0.0
ROX-32740,[Discovery] Network Graph Migration to Network Observability,Robby Cochran,Maria Simon Marcos,5.0.0
ROX-32727,RHACS: Base Image Health & Monitoring Enhancements,Unassigned,,5.0.0
ROX-32705,[ENG] Split periodic jobs off from Central,Unassigned,,5.0.0
ROX-32695,Scanning SPDX SBOM file for reporting vulnerabilities [GA],Brad Lugo,Shubha Badve,5.0.0
ROX-32694,Scanning SPDX SBOM file for reporting vulnerabilities [TP],Brad Lugo,Shubha Badve,5.0.0
ROX-32657,Refactor the Node Data Model for Accuracy and Performance,Unassigned,,5.0.0
ROX-32656,[ENG] Eliminate GraphQL,Unassigned,,5.0.0
ROX-32655,[ENG] Search Framework Tech Debt and Improvements,Unassigned,,5.0.0
ROX-32654,[ENG] [Discovery]: Investigate Postgres Performance Optimization Strategies,Unassigned,,5.0.0
ROX-32637,Deprecation of Configuration Management Dashboard ,Anjali Telang,,5.0.0
ROX-32634,ACS can schedule OCP Virt profile,Unassigned,Maria Simon Marcos,5.0.0
ROX-32575,High-level resource requirements for ACS deployment,Unassigned,,5.0.0
ROX-32574,Automatic performance regression monitoring of scale test data,David House,,5.0.0
ROX-32505,Remove Openshift OAuth provider for OCP 4.20 when external OAuth enabled,Anjali Telang,,5.0.0
ROX-32461,Central Backup Support for OpenShift Data Foundation S3 Storage,Alexander Rukletsov,Sabina Aledort,5.0.0
ROX-32458,Central Database PVC Monitoring and Alerting,Alexander Rukletsov,Sabina Aledort,5.0.0
ROX-32456,Enhanced Permission Set Write Permission Descriptions,Alexander Rukletsov,Sabina Aledort,5.0.0
ROX-32419,RHACS Vulnerability Management in OpenShift Console Plugin (GA),Alexander Rukletsov,Sabina Aledort,5.0.0
ROX-32361,Vulnerability scanning of active base images,Unassigned,,5.0.0
ROX-32320,[ENG] Design Scanning Workflow Improvements,Vu Le,Shubha Badve,5.0.0
ROX-32203,Checksum sha256 for scanner-vuln-updates.zip,Shubha Badve,Shubha Badve,5.0.0
ROX-32201,[GA] ACS policy placement on secured clusters,Van Wilson,Boaz Michaely,5.0.0
ROX-32198,Policy violations report,Unassigned,,5.0.0
ROX-32148,Vulnerability Management in ACS for Virtual Machines running on OpenShift Virtualization platform (GA),Kyle Lape,Shubha Badve,5.0.0
ROX-32143,[TechPreview] AI Workload Discovery and AI BOM Ingestion in RHACS,Anjali Telang,Anjali Telang,5.0.0
ROX-32141,[GA] Stateless Scanning in RHACS,Shubha Badve,Shubha Badve,Future
ROX-32140,[TechPreview] High Availability Scanning in RHACS,Shubha Badve,Boaz Michaely,5.0.0
ROX-32139,-----5.0.0 Planning (October - 2026)-----,Doron Caspin,Doron Caspin,5.0.0
ROX-32135,"Expanded Vulnerability Scanning for PHP, Rust ",David Caravello,Shubha Badve,5.0.0
ROX-32133,"Vulnerability Reporting: ""Namespaces WITHOUT names matching"" ",Mansur Syed,Mansur Syed,5.0.0
ROX-32129,ACS MCP TP Extended functionality,Alexander Rukletsov,Maria Simon Marcos,5.0.0
ROX-32074,File Activity Monitoring GA,Robby Cochran,Maria Simon Marcos,5.0.0
ROX-31827,Ability to Skip TLS for S3 Integration,Unassigned,,5.0.0
ROX-31572,Allow Central to scan images directly using its OpenShift configured registry credentials,David Caravello,Shubha Badve,5.0.0
ROX-31457,OCP 5 Platform-Aligned Operator,Boaz Michaely,Boaz Michaely,5.0.0
ROX-31261,RHACS can (1) run on and (2) scan RHCOS 10,Vu Le,Boaz Michaely,5.0.0
ROX-31042,Export prometheus metrics from ACS to allow customer track product data and build custom dashboard in Openshift Console,Sabina Aledort,Sabina Aledort,5.0.0
ROX-30749,Violations - Shared Configuration filters and View Based Exports,Van Wilson,Mansur Syed,5.0.0
ROX-30708,RHACS: Vulnerability reports lacking false positive & deferred state ,Shubha Badve,,5.0.0
ROX-30515,Image Signature Verification Integration via Declarative Configuration,Alexander Rukletsov,Sabina Aledort,5.0.0
ROX-30514,Google Artifact Registry Integration via Declarative Configuration,Alexander Rukletsov,Sabina Aledort,5.0.0
ROX-30243,Improve Helm Chart deployments for disconnected Environments,Unassigned,Sabina Aledort,5.0.0
ROX-30242,Configurable Ephemeral Storage for ACS Sensor,Sabina Aledort,Sabina Aledort,5.0.0
ROX-29858,RHACS should have a recommendation engine for Kube RBAC,Unassigned,,5.0.0
ROX-29857,UI: Allow typing in a deployment name in policy exclusions and scope,Linda Song,,5.0.0
ROX-29855,Provide notifications for Resolved Alerts ,Unassigned,Boaz Michaely,5.0.0
ROX-29853,(from RFE) : Streaming API endpoint for v1/alerts,Unassigned,Boaz Michaely,5.0.0
ROX-29818,[ENG] OpenTelemetry Instrumentation,Kyle Lape,Sabina Aledort,5.0.0
ROX-29624,Make System configuration configurable via GitOps,Sabina Aledort,Sabina Aledort,5.0.0
ROX-29391,Streamline RHACS Left Navigation for Core Use Cases,Linda Song,Mansur Syed,5.0.0
ROX-29068,RHACS Integrations using authentication credentials managed by External Secret Stores such as HashiCorp Vault,Anjali Telang,Anjali Telang,5.0.0
ROX-29023,Re-certify ACS as a Red Hat Certified Scanner,Shubha Badve,Shubha Badve,5.0.0
ROX-29021,[UX] - An easy way to identify Scanner v4 vs v2 for both Central and Secured Cluster,Unassigned,Shubha Badve,5.0.0
ROX-28930,Install ACS into an official openshift namespace,Sabina Aledort,Sabina Aledort,5.0.0
ROX-28834,Scan Audit and History Tracking,David Caravello,Shubha Badve,5.0.0
ROX-28547,Make Notifier Integration configurable via GitOps,Unassigned,,5.0.0
ROX-28373,Display Exploit data from CISA KEV,Vu Le,Shubha Badve,5.0.0
ROX-28354,RHACS: Differentiate images with different names but same SHA,Unassigned,,5.0.0
ROX-28304,Enhance inactive image and corresponding deployment/ pod tracking ,Shubha Badve,,5.0.0
ROX-28159,Policy: Alert / Block changing a label or annotation for a deployment (immutable labels),Unassigned,Boaz Michaely,5.0.0
ROX-28113,Scanner V4: Allow disabling of language vulns detections (ie: Go),Unassigned,,5.0.0
ROX-28073,Add support for date/time ranges to the Vulnerability Management UI filtering mechanism,Unassigned,Shubha Badve,5.0.0
ROX-28053,Users can filter using saved views in ACS,Linda Song,Zhenpeng Chen,5.0.0
ROX-27890,Drift protection for Policy as Code,Boaz Michaely,Boaz Michaely,5.0.0
ROX-27585,3) 4.9.0 and further Stable Stream Konflux releases,Unassigned,,5.0.0
ROX-27169,Allow custom CA certificates in integrations,Anjali Telang,Anjali Telang,5.0.0
ROX-27118,RHACS - create registry integrations for private OCP images,David Caravello,Shubha Badve,5.0.0
ROX-27016,RHACS API endpoint v1/delegatedregistryconfig support PATCH method to update/append registry -> clusterid entries,Unassigned,,5.0.0
ROX-26575,Scanner V4: Align Platform CVE support,Vu Le,Shubha Badve,5.0.0
ROX-26429,Send notifications with Syslog integration using JSON format instead of CEF.,Van Wilson,Boaz Michaely,5.0.0
ROX-26427,Red Hat Advanced Cluster Security deployments are missing livenessProbes,Sabina Aledort,Sabina Aledort,5.0.0
ROX-26332,ACS Cloud Service 2026 Run the business,Michael Hess,Doron Caspin,5.0.0
ROX-26323,RHACS diagnostic bundle to be updated for pod status,Unassigned,,5.0.0
ROX-26159,ACS Vulnerability scanning support for Image Mode for RHEL,Unassigned,Shubha Badve,5.0.0
ROX-25720,Streamline the process for importing non-OpenShift clusters into ACS as SecuredClusters,Sabina Aledort,Sabina Aledort,5.0.0
ROX-25597,Secured Cluster and roxctl config for central endpoint should be more resilient,Sabina Aledort,Sabina Aledort,5.0.0
ROX-25596,RHACS: Need hostAliases option in central pod,Sabina Aledort,,5.0.0
ROX-24616,[ENG] 4) Bi-monthly (Fast Stream) Releases to Cloud Service (ACSCS),Unassigned,Michael Hess,5.0.0
ROX-23581,ACS signature verification for images signed with Vault PKI,Anjali Telang,Anjali Telang,5.0.0
ROX-22271,"ACS has unified (universal) reporting capabilities across VM, PVM, Compliance",Mansur Syed,Mansur Syed,5.0.0
ROX-20002,Enable authentication using OAUTH2.0 for email integration with Microsoft O365 / Outlook / Exchange online,Unassigned,Anjali Telang,5.0.0
ROX-19999,Automatically add self-signed proxy CAs for Openshift's proxy to Central,Michael Hess,Anjali Telang,5.0.0
ROX-19575,Tampering with the Kube API server audit log (+RFE),Unassigned,Boaz Michaely,5.0.0
ROX-19574,CVE Remediation guidance for RH OCP Based on OCP z-stream,Shubha Badve,Shubha Badve,5.0.0
ROX-17746,[ENG] Scanner Scale and Performance Improvements,Vu Le,Shubha Badve,5.0.0
ROX-15053,Need securedcluster.spec.monitoring.exposeEndpoint,Unassigned,Doron Caspin,5.0.0
ROX-14784,Policy UI should restrict invalid input,Linda Song,Boaz Michaely,5.0.0
ROX-13821,ACS - Section 508 Compliance(UI Accessibility),Doron Caspin,Mansur Syed,5.0.0
ROX-10508,Find configmaps that might hold secret values,Boaz Michaely,Boaz Michaely,5.0.0
ROX-9116,[ENG] Migrate Groovy tests to Go,Marcin Owsiany,,5.0.0
ROX-7422,ACM-ACS integration - deploy RHACS secured cluster services across multiple clusters using advanced cluster management,Doron Caspin,Sabina Aledort,5.0.0
